instance,best_igd,mean_igd,std_igd,num_runs
6,0.6326139207155517,0.9547125436576875,0.24404317535192574,21
