instance,best_igd,mean_igd,std_igd,num_runs
6,0.2580585789194738,0.8914243174541364,0.3941877812948123,21
