instance,best_igd,mean_igd,std_igd,num_runs
3,0.23943112484785908,0.42142814975227455,0.08364350176915915,21
