instance,best_igd,mean_igd,std_igd,num_runs
3,0.3181910367591731,0.9410083336470282,0.46239386526085036,21
