instance,best_igd,mean_igd,std_igd,num_runs
1,0.8524469772817458,0.9556398565122237,0.0904641666664402,21
