instance,best_igd,mean_igd,std_igd,num_runs
1,0.18524945460356781,0.7258892987874217,0.742586859167646,21
