instance,best_igd,mean_igd,std_igd,num_runs
2,0.10102445772169782,0.3332952339425481,0.14035014477945665,21
