instance,best_igd,mean_igd,std_igd,num_runs
2,0.23404942608287527,0.3190213097581963,0.049205225104525574,21
