instance,best_igd,mean_igd,std_igd,num_runs
4,0.3949148420331009,1.4796787149994775,0.567647762073171,21
