instance,best_igd,mean_igd,std_igd,num_runs
4,0.20367111164115212,0.5035560786771965,0.14453300732556626,21
