instance,best_igd,mean_igd,std_igd,num_runs
5,1.450308316149188,2.6859862085937922,0.6957151143129584,21
