instance,best_igd,mean_igd,std_igd,num_runs
5,0.38561265296242747,1.7347498053836898,0.7992195392114793,21
